301,PO Box 12899,PO Box 97761,2023-01-31,2022-12-23,Nessa Maskall,4,Wine - Redchard Merritt,2,100,200,7,214
302,Room 1313,Room 1174,2022-05-31,2023-07-04,Denver Steeden,1,Wine - Merlot Vina Carmen,20,20,400,21,484
303,5th Floor,19th Floor,2022-11-21,2022-10-23,Amabelle Cordle,34,Relish,84,86,7224,7,7729.68
304,,,2022-08-04,2023-06-24,,27,Potatoes - Idaho 100 Count,9,29,261,21,315.81
305,Apt 1430,Suite 85,2022-04-22,2024-03-07,Cecilius Gredden,17,Sausage - Liver,82,11,902,10,992.2
306,,,2022-12-26,2023-12-24,,9,"Placemat - Scallop, White",15,55,825,10,907.5
307,Room 130,Suite 76,2023-03-10,2022-11-13,Bonnie de Quincey,49,Food Colouring - Orange,23,34,782,21,946.22
308,PO Box 48036,Apt 711,2022-06-07,2022-10-15,Hube Hamly,44,Wood Chips - Regular,91,67,6097,21,7377.37
309,8th Floor,Room 76,2022-10-15,2024-03-09,Creight Filer,41,"Wine - Magnotta, Merlot Sr Vqa",45,68,,7,3274.2
310,Apt 1180,Apt 1879,2022-05-18,2022-12-15,Mart Ranfield,11,Bar Bran Honey Nut,52,82,4264,10,4690.4
311,Room 1677,Room 878,2022-10-07,2022-09-02,Abel Dussy,4,Five Alive Citrus,62,62,3844,10,4228.4
312,17th Floor,Apt 154,2022-08-18,2023-05-14,Harcourt Storres,45,Cheese - Brie,73,8,584,21,706.64
313,Apt 1259,Apt 930,2022-04-20,2024-02-13,Jo-ann MacDermid,9,"Soup - Campbells, Beef Barley",53,96,5088,7,5444.16
314,Suite 58,PO Box 92969,2022-11-26,2023-03-31,Irvine Reditt,26,Cakes Assorted,62,8,496,7,530.72
315,Apt 769,Room 13,2022-07-13,2022-11-17,Brigitta McNelly,38,Appetizer - Crab And Brie,68,35,2380,10,2618
316,Apt 1874,Room 1803,2022-09-06,2023-10-17,Chelsie Mepsted,41,Mix Pina Colada,54,15,810,7,866.7
317,Room 1363,Apt 240,2022-11-18,2022-04-30,Nyssa Pedder,14,Chicken - Livers,28,48,1344,10,1478.4
318,PO Box 50714,PO Box 98539,2022-12-08,2022-08-24,Kevon Levinge,33,Pastry - Apple Large,44,16,704,10,774.4
319,Apt 1445,Apt 1296,2022-12-13,2023-04-17,Alley Critzen,23,Chicken - Base,41,73,2993,21,3621.53
320,Room 793,Room 122,2022-08-21,2023-09-10,Sande Kitlee,6,Longos - Grilled Veg Sandwiches,62,26,1612,10,1773.2
321,Apt 392,Apt 262,2022-12-01,2023-01-10,Ada Vahl,6,Bay Leaf,47,15,705,10,775.5
322,,,2022-04-10,2023-11-26,,34,Energy Drink Bawls,3,60,180,7,192.6
323,Room 1711,Room 1974,2023-02-19,2024-03-24,Imelda Babcock,13,Muffin Batt - Blueberry Passion,83,75,6225,10,6847.5
324,Apt 1489,Room 1608,2022-09-02,2022-04-30,Margaretha Geydon,11,Icecream Cone - Areo Chocolate,39,81,3159,10,3474.9
325,Room 917,Apt 1017,2022-07-13,2022-07-16,Elena Vigietti,25,Vinegar - Cider,26,94,2444,21,2957.24
326,12th Floor,PO Box 62164,2022-12-25,2023-12-04,Cissy Jude,6,Parsley - Fresh,96,5,480,10,528
327,Room 83,PO Box 96449,2023-01-01,2023-07-28,Jessamyn Cowtherd,32,Cookie Double Choco,5,92,460,21,556.6
328,PO Box 49153,Apt 636,2022-12-01,2023-03-04,Melisent Sargeaunt,22,Pastry - Butterscotch Baked,87,43,3741,7,4002.87
329,14th Floor,PO Box 4962,2022-09-13,2023-08-13,Stanley Pedron,50,Tarragon - Fresh,75,10,750,21,907.5
330,Suite 50,Apt 303,2022-10-03,2022-11-16,Archy Coatman,23,Cabbage - Green,64,85,5440,10,5984
331,PO Box 65046,Apt 779,2022-09-15,2022-10-17,Emelina Dammarell,2,Compound - Rum,64,95,6080,21,7356.8
332,Room 1204,PO Box 47772,2023-02-05,2023-04-19,Letizia Kindley,4,Soup - Campbells Asian Noodle,49,38,1862,7,1992.34
333,Apt 362,7th Floor,2022-04-03,2023-10-16,Tabatha De Hoogh,44,Goat - Leg,80,68,5440,10,5984
334,Suite 68,Room 913,2022-07-22,2022-05-20,Avril Nasey,24,Pancetta,90,52,4680,10,5148
335,Apt 475,Apt 4,2023-02-03,2024-03-10,Beale Loveland,34,Ginger - Pickled,3,95,285,7,304.95
336,,,2022-04-07,2022-04-21,,45,Juice - Orangina,72,74,5328,10,5860.8
337,Apt 325,Apt 1283,2023-02-28,2023-01-20,Farrand Hymans,50,Turnip - Mini,21,70,1470,21,1778.7
338,14th Floor,Room 864,2023-02-17,2022-05-23,Zahara Yetton,39,"Cheese - Havarti, Salsa",99,87,8613,7,9215.91
339,Apt 1171,Apt 1768,2023-03-23,2023-10-30,Cinnamon Rhyme,33,Cinnamon - Stick,77,27,2079,21,2515.59
340,Room 1058,Room 773,2022-10-13,2023-04-21,Seymour Fluger,21,Lentils - Green Le Puy,87,95,8265,21,10000.65
341,,,2022-06-01,2023-07-09,,22,Gatorade - Orange,59,17,1003,7,1073.21
342,PO Box 74392,Room 1050,2023-03-06,2023-08-03,Jenelle Binley,36,Cookie Chocolate Chip With,63,75,4725,21,5717.25
343,9th Floor,Suite 4,2022-10-23,2022-04-04,Marietta Sikora,50,,80,56,4480,7,
344,5th Floor,Apt 1554,2022-04-29,2022-06-04,Jerrilyn Speechley,12,Cheese Cloth No 100,20,65,1300,21,1573
345,Room 384,Apt 1746,2023-01-14,2023-07-14,Alfie Flintiff,14,Pepper - Chilli Seeds Mild,37,74,2738,21,3312.98
346,PO Box 19524,Apt 1219,2022-04-22,2023-01-27,Romona Seargeant,15,Tea - Herbal - 6 Asst,33,20,660,21,798.6
347,Room 278,PO Box 22741,2022-12-18,2023-03-13,Gizela Bushaway,44,Mustard Prepared,96,98,9408,21,11383.68
348,Suite 9,Room 1876,2022-04-26,2022-07-03,Joyann Grzeskowski,30,Bacardi Breezer - Strawberry,20,75,1500,7,1605
349,PO Box 52935,Room 533,2022-07-23,2023-07-21,Teodora Izkovici,12,Bread - Hot Dog Buns,37,15,555,7,593.85
350,17th Floor,Suite 96,2023-03-26,2023-06-17,Thornton Beilby,23,Tea - Vanilla Chai,24,83,1992,7,2131.44
351,Room 1598,Apt 1919,2022-07-12,2024-03-13,Maiga Giabuzzi,13,Shrimp - Black Tiger 13/15,50,39,1950,21,2359.5
352,7th Floor,PO Box 47487,2022-07-16,2023-04-27,Sheila Maro,15,Sugar - Splenda Sweetener,91,71,6461,7,6913.27
353,,,2022-08-25,2022-08-07,,8,,100,79,7900,7,
354,Room 1658,3rd Floor,2022-04-27,2022-08-27,Kimberly Vaneschi,6,Bandage - Fexible 1x3,3,30,90,7,96.3
355,PO Box 38835,Suite 68,2022-07-21,2022-08-22,Kenn Lock,24,Cookies Cereal Nut,80,7,560,10,616
356,,,2022-11-28,2023-03-28,,6,Sage - Rubbed,24,79,1896,10,2085.6
357,Apt 821,Room 97,2023-01-28,2022-12-28,Alina McInility,21,"Star Anise, Whole",89,86,7654,21,9261.34
358,Apt 1108,Room 966,2022-08-06,2024-02-07,Livvie Strotton,13,"Dill - Primerba, Paste",38,25,950,7,1016.5
359,Room 1289,Suite 35,2022-10-05,2022-04-23,Doro Franceschino,33,Salmon Steak - Cohoe 6 Oz,3,94,282,21,341.22
360,Room 429,3rd Floor,2022-09-30,2023-02-08,Ajay Tollett,29,Muffin Hinge - 211n,53,56,2968,7,3175.76
361,Apt 273,Apt 964,2022-07-10,2023-03-30,Cele Linzee,32,Oil - Hazelnut,72,87,6264,21,7579.44
362,2nd Floor,Room 1681,2022-07-24,2022-11-13,Dexter Porte,4,Chocolate - Liqueur Cups With Foil,27,71,1917,21,2319.57
363,1st Floor,Suite 64,2022-07-27,2023-12-15,Harris Bowmaker,26,"Turkey - Breast, Double",2,38,76,10,83.6
364,,,2022-10-24,2022-11-08,,23,Beer - Paulaner Hefeweisse,56,18,1008,7,1078.56
365,Suite 35,Suite 89,2022-11-22,2024-01-25,Rafael Semper,3,"Juice - Clamato, 341 Ml",93,94,8742,21,10577.82
366,PO Box 41188,14th Floor,2023-03-26,2023-09-01,Jay Edelheid,27,Oil - Peanut,5,70,350,10,385
367,Room 1994,Room 453,2022-07-23,2023-11-22,Ranna Rivers,6,Coffee - 10oz Cup 92961,29,5,145,7,155.15
368,7th Floor,7th Floor,2022-04-12,2023-10-12,Melba Taffley,16,,59,100,5900,7,
369,Apt 1623,Room 1109,2023-01-27,2022-10-21,Cammi Colls,45,"Yogurt - Raspberry, 175 Gr",2,18,36,7,38.52
370,Suite 52,8th Floor,2022-06-28,2023-03-02,Clea Otham,28,Hand Towel,12,40,480,21,580.8
371,,,2023-03-01,2022-08-12,,20,Coffee - Flavoured,87,79,6873,7,7354.11
372,Suite 82,Apt 492,2022-10-05,2023-09-12,Nancee Tremoulet,1,Dill Weed - Fresh,3,5,15,10,16.5
373,Apt 263,Suite 33,2022-12-02,2022-09-18,Gus Whittington,7,Bagel - Ched Chs Presliced,95,11,1045,7,1118.15
374,Apt 215,PO Box 62069,2022-09-18,2024-02-26,Jacquie Tilliards,39,Tuna - Salad Premix,49,39,1911,10,2102.1
375,Room 1112,2nd Floor,2023-01-30,2023-05-09,Lurette Mishaw,10,Rabbit - Frozen,96,5,480,10,528
376,20th Floor,PO Box 28733,2022-05-27,2022-05-14,Gwendolyn Dooman,6,Tuna - Sushi Grade,72,29,2088,21,2526.48
377,,,2022-08-28,2023-08-20,,19,Gloves - Goldtouch Disposable,20,77,1540,10,1694
378,Apt 1331,20th Floor,2022-11-24,2023-06-13,Renaldo Lardner,47,Compound - Raspberry,19,47,893,10,982.3
379,,,2023-02-08,2022-05-18,,49,"Lemonade - Island Tea, 591 Ml",71,8,568,10,624.8
380,Room 467,Room 197,2022-12-20,2022-05-31,Rhodia Dran,12,Otomegusa Dashi Konbu,34,85,2890,21,3496.9
381,PO Box 9903,Suite 67,2022-08-22,2022-12-07,Gibbie Wordington,16,Wine - Barossa Valley Estate,79,24,1896,10,2085.6
382,PO Box 19359,11th Floor,2022-07-01,2023-09-09,Virgina Santon,47,Heavy Duty Dust Pan,32,45,1440,21,1742.4
383,Apt 781,Suite 36,2022-09-03,2023-06-02,Dode Starcks,15,Milk - 1%,18,54,972,21,1176.12
384,PO Box 24146,PO Box 13204,2022-05-16,2022-08-08,Arlie Barday,50,Bandage - Fexible 1x3,18,19,342,7,365.94
385,Apt 492,Room 1285,2022-09-05,2024-02-15,Porter Prester,13,Table Cloth 90x90 Colour,39,18,702,21,849.42
386,PO Box 39820,Suite 32,2023-02-28,2024-01-13,Bryon Roy,34,Parsley Italian - Fresh,97,81,7857,7,8406.99
387,PO Box 13532,Apt 433,2022-12-20,2022-05-27,Daveen Corless,24,"Trout - Hot Smkd, Dbl Fillet",99,100,9900,21,11979
388,PO Box 48018,Suite 48,2022-04-26,2022-09-16,Fionnula Tales,17,Spice - Pepper Portions,47,18,846,7,905.22
389,5th Floor,Suite 98,2022-07-24,2023-05-08,Mead Malcolm,3,Lotus Rootlets - Canned,38,17,646,21,781.66
390,,,2022-08-25,2022-09-22,,21,Truffle - Whole Black Peeled,74,41,3034,21,3671.14
391,12th Floor,Room 892,2022-08-24,2023-11-27,Shandie Payley,34,Coffee - Decafenated,81,26,2106,10,2316.6
392,Suite 23,Suite 8,2022-05-16,2022-07-30,Joe Storrar,40,Bar Mix - Lime,60,91,5460,10,6006
393,,,2022-07-23,2022-08-02,,8,Cucumber - Pickling Ontario,96,55,5280,10,5808
394,Apt 1557,Suite 26,2022-07-01,2023-08-18,Ignace Durban,35,Cod - Black Whole Fillet,57,29,1653,10,1818.3
395,Suite 89,7th Floor,2022-12-18,2023-11-26,Dorotea Dellatorre,42,,74,82,6068,10,
396,Suite 42,Apt 801,2023-03-05,2023-05-26,Jenifer Crumley,25,Bread - Multigrain,67,98,,7,7025.62
397,PO Box 16886,PO Box 98343,2022-09-14,2022-09-15,Corny Blaik,4,Wine - Rosso Toscano Igt,47,62,2914,21,3525.94
398,Apt 870,Room 633,2022-12-16,2022-09-02,Jennee Vint,1,Flower - Commercial Spider,48,43,2064,21,2497.44
399,,,2022-12-07,2023-09-21,,28,Wine - Ruffino Chianti,96,15,,21,1742.4
400,Suite 69,Apt 739,2022-09-15,2022-05-16,Berget Ince,18,"Beans - Navy, Dry",88,26,2288,10,2516.8